{
    "accuracy": 0.9791666666666666,
    "precision": 1.0,
    "recall": 0.9230769230769231,
    "f1_score": 0.96,
    "feature_importance": {
        "pcv": 0.1955424958441549,
        "rc": 0.16972094809805344,
        "id": 0.16857104644682,
        "al": 0.15036549130475504,
        "hemo": 0.09439674725805812,
        "bu": 0.09199290622247779,
        "sod": 0.081905802808465,
        "bp": 0.02861356996211039,
        "pot": 0.010401579986833444,
        "bgr": 0.0038344925985375413,
        "sc": 0.0031460031460031467,
        "wc": 0.0015089163237311395,
        "age": 0.0,
        "sg": 0.0,
        "su": 0.0,
        "rbc": 0.0,
        "pc": 0.0,
        "pcc": 0.0,
        "ba": 0.0,
        "htn": 0.0,
        "dm": 0.0,
        "cad": 0.0,
        "appet": 0.0,
        "pe": 0.0,
        "ane": 0.0
    }
}